AgeRange	count	mean	sd	median	IQR
JUVENILE	10	39.06	9.719762228458976	40.4	16.224999999999998
SUB-ADULT	4	65.975	3.231485726411306	66.1	3.2749999999999915
ADULT	4	77.35	4.908156476723214	75.5	4.849999999999994
