Observed features.SampleSite	Observed features.count	Observed features.mean	Observed features.sd	Observed features.median	Observed features.IQR	Faith PD.SampleSite	Faith PD.count	Faith PD.mean	Faith PD.sd	Faith PD.median	Faith PD.IQR	Shannon entropy.SampleSite	Shannon entropy.count	Shannon entropy.mean	Shannon entropy.sd	Shannon entropy.median	Shannon entropy.IQR	Pielou evenness.SampleSite	Pielou evenness.count	Pielou evenness.mean	Pielou evenness.sd	Pielou evenness.median	Pielou evenness.IQR
CLOACA	19	313.10526315789474	150.2453159694512	308	235	CLOACA	19	29.240249516378302	12.340666012837245	28.3725089054588	19.983945630008034	CLOACA	19	5.507131915178682	1.1108550137167608	5.622562912926765	1.6595125005240465	CLOACA	19	0.6731347456068671	0.08810500699039764	0.6824004349851333	0.11142515095150096
ORAL	16	584.3125	339.02600072364163	473	427.5	ORAL	16	46.336011434016676	19.146512817567793	40.428061618797294	26.181828437202828	ORAL	16	6.450117062201128	0.939836100943749	6.276780619363535	1.3304786976553311	ORAL	16	0.7152677512549659	0.05527769222947924	0.7223329166212752	0.09037595734300397
TANK WATER	8	620.625	316.01941057020986	603	449.75	TANK WATER	8	59.02176320949202	32.33966879369148	42.7787167144365	53.87180918144169	TANK WATER	8	5.506650165973121	0.9818305698192333	5.436433610755383	1.6666987032555385	TANK WATER	8	0.6013930326467516	0.06395751031945204	0.6052405618912626	0.10042115477073654
